"timestamp","data"
"1637928989919","{""temperature"":{""N"":""84.5""}}"
"1637931963878","{""temperature"":{""N"":""107.75""}}"
"1637931031056","{""temperature"":{""N"":""127.25""}}"
"1637930674725","{""temperature"":{""N"":""124""}}"
"1637930810857","{""temperature"":{""N"":""122.75""}}"
"1637932320274","{""temperature"":{""N"":""106.25""}}"
"1637929438303","{""temperature"":{""N"":""107""}}"
"1637930798883","{""temperature"":{""N"":""121.5""}}"
"1637931499479","{""temperature"":{""N"":""125""}}"
"1637931335319","{""temperature"":{""N"":""126.5""}}"
"1637930058835","{""temperature"":{""N"":""110.5""}}"
"1637930850906","{""temperature"":{""N"":""125.75""}}"
"1637931763718","{""temperature"":{""N"":""107.75""}}"
"1637931051059","{""temperature"":{""N"":""124.5""}}"
"1637931939877","{""temperature"":{""N"":""103""}}"
"1637932344271","{""temperature"":{""N"":""105.75""}}"
"1637928917859","{""temperature"":{""N"":""64.25""}}"
"1637931159180","{""temperature"":{""N"":""125""}}"
"1637929242116","{""temperature"":{""N"":""108.5""}}"
"1637931199197","{""temperature"":{""N"":""128.5""}}"
"1637931559518","{""temperature"":{""N"":""124.75""}}"
"1637931511499","{""temperature"":{""N"":""124.25""}}"
"1637929990760","{""temperature"":{""N"":""109""}}"
"1637928829777","{""temperature"":{""N"":""22.75""}}"
"1637929962745","{""temperature"":{""N"":""109.25""}}"
"1637929750557","{""temperature"":{""N"":""110.5""}}"
"1637932472330","{""temperature"":{""N"":""100.75""}}"
"1637931383377","{""temperature"":{""N"":""128""}}"
"1637929049956","{""temperature"":{""N"":""93.5""}}"
"1637929446300","{""temperature"":{""N"":""108.25""}}"
"1637929342220","{""temperature"":{""N"":""115""}}"
"1637932043957","{""temperature"":{""N"":""107.5""}}"
"1637930954976","{""temperature"":{""N"":""127.5""}}"
"1637932039942","{""temperature"":{""N"":""105.75""}}"
"1637930170939","{""temperature"":{""N"":""115.25""}}"
"1637931491459","{""temperature"":{""N"":""126.75""}}"
"1637930794838","{""temperature"":{""N"":""121.75""}}"
"1637931215221","{""temperature"":{""N"":""130.5""}}"
"1637931083096","{""temperature"":{""N"":""128.25""}}"
"1637932496369","{""temperature"":{""N"":""108.25""}}"
"1637930966978","{""temperature"":{""N"":""128.5""}}"
"1637931127139","{""temperature"":{""N"":""127.25""}}"
"1637929658497","{""temperature"":{""N"":""110.25""}}"
"1637929618465","{""temperature"":{""N"":""106""}}"
"1637929466319","{""temperature"":{""N"":""107.5""}}"
"1637929730560","{""temperature"":{""N"":""107.5""}}"
"1637931727695","{""temperature"":{""N"":""98.75""}}"
"1637931407377","{""temperature"":{""N"":""126.25""}}"
"1637929602458","{""temperature"":{""N"":""106""}}"
"1637929850658","{""temperature"":{""N"":""106.25""}}"
"1637929726564","{""temperature"":{""N"":""108.25""}}"
"1637931107117","{""temperature"":{""N"":""127.75""}}"
"1637930102858","{""temperature"":{""N"":""113.25""}}"
"1637931919842","{""temperature"":{""N"":""100.75""}}"
"1637932087985","{""temperature"":{""N"":""106.75""}}"
"1637929674507","{""temperature"":{""N"":""106.25""}}"
"1637929206102","{""temperature"":{""N"":""114.5""}}"
"1637931955858","{""temperature"":{""N"":""107.75""}}"
"1637929958737","{""temperature"":{""N"":""108.75""}}"
"1637929946738","{""temperature"":{""N"":""110.25""}}"
"1637929090132","{""temperature"":{""N"":""99.5""}}"
"1637931355404","{""temperature"":{""N"":""127.25""}}"
"1637929218137","{""temperature"":{""N"":""108.25""}}"
"1637930694737","{""temperature"":{""N"":""123.5""}}"
"1637929914698","{""temperature"":{""N"":""113.5""}}"
"1637929266138","{""temperature"":{""N"":""107.75""}}"
"1637932208087","{""temperature"":{""N"":""102.5""}}"
"1637932448312","{""temperature"":{""N"":""97.5""}}"
"1637929666498","{""temperature"":{""N"":""107.75""}}"
"1637929994780","{""temperature"":{""N"":""109.5""}}"
"1637931975898","{""temperature"":{""N"":""108.5""}}"
"1637928865821","{""temperature"":{""N"":""37""}}"
"1637931603574","{""temperature"":{""N"":""126""}}"
"1637929454317","{""temperature"":{""N"":""108""}}"
"1637931847794","{""temperature"":{""N"":""104.75""}}"
"1637931979919","{""temperature"":{""N"":""107.75""}}"
"1637931231245","{""temperature"":{""N"":""128.25""}}"
"1637929770587","{""temperature"":{""N"":""108.25""}}"
"1637931063093","{""temperature"":{""N"":""126""}}"
"1637932164061","{""temperature"":{""N"":""103""}}"
"1637929882679","{""temperature"":{""N"":""108.75""}}"
"1637930686742","{""temperature"":{""N"":""122.5""}}"
"1637929718540","{""temperature"":{""N"":""107.5""}}"
"1637930698748","{""temperature"":{""N"":""124""}}"
"1637932256136","{""temperature"":{""N"":""102.5""}}"
"1637930222978","{""temperature"":{""N"":""103.25""}}"
"1637931155137","{""temperature"":{""N"":""124.5""}}"
"1637929258124","{""temperature"":{""N"":""106.75""}}"
"1637929202116","{""temperature"":{""N"":""114.75""}}"
"1637931387359","{""temperature"":{""N"":""127.5""}}"
"1637929714545","{""temperature"":{""N"":""106.75""}}"
"1637930182925","{""temperature"":{""N"":""115.25""}}"
"1637929174079","{""temperature"":{""N"":""109.25""}}"
"1637929782598","{""temperature"":{""N"":""108.25""}}"
"1637930098861","{""temperature"":{""N"":""114""}}"
"1637930890907","{""temperature"":{""N"":""122.75""}}"
"1637932296158","{""temperature"":{""N"":""104.25""}}"
"1637931263259","{""temperature"":{""N"":""128.5""}}"
"1637932107994","{""temperature"":{""N"":""104.25""}}"
"1637932180059","{""temperature"":{""N"":""104.75""}}"
"1637929354218","{""temperature"":{""N"":""113.75""}}"
"1637931219318","{""temperature"":{""N"":""130.25""}}"
"1637930235059","{""temperature"":{""N"":""103.25""}}"
"1637929114019","{""temperature"":{""N"":""100.75""}}"
"1637931783719","{""temperature"":{""N"":""114.5""}}"
"1637932252128","{""temperature"":{""N"":""103.5""}}"
"1637929810617","{""temperature"":{""N"":""109""}}"
"1637932300189","{""temperature"":{""N"":""105""}}"
"1637929470341","{""temperature"":{""N"":""107""}}"
"1637929538380","{""temperature"":{""N"":""109.5""}}"
"1637931675636","{""temperature"":{""N"":""111""}}"
"1637931959879","{""temperature"":{""N"":""107""}}"
"1637929894705","{""temperature"":{""N"":""110.25""}}"
"1637931319287","{""temperature"":{""N"":""128.5""}}"
"1637932456339","{""temperature"":{""N"":""97""}}"
"1637929382258","{""temperature"":{""N"":""108""}}"
"1637928901864","{""temperature"":{""N"":""58""}}"
"1637929766576","{""temperature"":{""N"":""107.25""}}"
"1637931131120","{""temperature"":{""N"":""128.75""}}"
"1637929774578","{""temperature"":{""N"":""109""}}"
"1637929390257","{""temperature"":{""N"":""110.25""}}"
"1637929073979","{""temperature"":{""N"":""97""}}"
"1637929978891","{""temperature"":{""N"":""110""}}"
"1637928909871","{""temperature"":{""N"":""62""}}"
"1637929362237","{""temperature"":{""N"":""110.25""}}"
"1637929966758","{""temperature"":{""N"":""109.75""}}"
"1637929478341","{""temperature"":{""N"":""106""}}"
"1637929878683","{""temperature"":{""N"":""107.75""}}"
"1637931459438","{""temperature"":{""N"":""128.25""}}"
"1637929005935","{""temperature"":{""N"":""89.75""}}"
"1637931115149","{""temperature"":{""N"":""126.75""}}"
"1637931811761","{""temperature"":{""N"":""117.75""}}"
"1637931487458","{""temperature"":{""N"":""130.25""}}"
"1637932116006","{""temperature"":{""N"":""104""}}"
"1637929758585","{""temperature"":{""N"":""109""}}"
"1637932424289","{""temperature"":{""N"":""105.25""}}"
"1637929118018","{""temperature"":{""N"":""101.5""}}"
"1637931595538","{""temperature"":{""N"":""130.75""}}"
"1637931403377","{""temperature"":{""N"":""126""}}"
"1637932316190","{""temperature"":{""N"":""106""}}"
"1637929854671","{""temperature"":{""N"":""105.5""}}"
"1637931011019","{""temperature"":{""N"":""126""}}"
"1637929998778","{""temperature"":{""N"":""108.75""}}"
"1637932152032","{""temperature"":{""N"":""104.25""}}"
"1637929061981","{""temperature"":{""N"":""95""}}"
"1637931307297","{""temperature"":{""N"":""127.5""}}"
"1637929358218","{""temperature"":{""N"":""112.25""}}"
"1637930750798","{""temperature"":{""N"":""122.75""}}"
"1637930983018","{""temperature"":{""N"":""128.25""}}"
"1637932124007","{""temperature"":{""N"":""104.25""}}"
"1637931439419","{""temperature"":{""N"":""124.75""}}"
"1637929234115","{""temperature"":{""N"":""105.75""}}"
"1637931479438","{""temperature"":{""N"":""131.5""}}"
"1637930230962","{""temperature"":{""N"":""102.75""}}"
"1637929678499","{""temperature"":{""N"":""106.75""}}"
"1637929434297","{""temperature"":{""N"":""108.25""}}"
"1637928973908","{""temperature"":{""N"":""82""}}"
"1637931503477","{""temperature"":{""N"":""125""}}"
"1637929762578","{""temperature"":{""N"":""107""}}"
"1637929574427","{""temperature"":{""N"":""107.25""}}"
"1637930670736","{""temperature"":{""N"":""123.5""}}"
"1637932063980","{""temperature"":{""N"":""106.75""}}"
"1637929418299","{""temperature"":{""N"":""109.5""}}"
"1637929150062","{""temperature"":{""N"":""105.25""}}"
"1637931099100","{""temperature"":{""N"":""129.5""}}"
"1637932128010","{""temperature"":{""N"":""105.25""}}"
"1637932268150","{""temperature"":{""N"":""106.75""}}"
"1637932023945","{""temperature"":{""N"":""104""}}"
"1637931667641","{""temperature"":{""N"":""114.75""}}"
"1637931015016","{""temperature"":{""N"":""126.5""}}"
"1637928905859","{""temperature"":{""N"":""60.25""}}"
"1637929210118","{""temperature"":{""N"":""112.25""}}"
"1637930642701","{""temperature"":{""N"":""119.75""}}"
"1637931999908","{""temperature"":{""N"":""104.25""}}"
"1637930874900","{""temperature"":{""N"":""123.25""}}"
"1637931575538","{""temperature"":{""N"":""127.5""}}"
"1637931451418","{""temperature"":{""N"":""125.75""}}"
"1637930730777","{""temperature"":{""N"":""121.75""}}"
"1637931935880","{""temperature"":{""N"":""101.75""}}"
"1637929694519","{""temperature"":{""N"":""107.25""}}"
"1637931683637","{""temperature"":{""N"":""108.5""}}"
"1637930818836","{""temperature"":{""N"":""123.75""}}"
"1637930826857","{""temperature"":{""N"":""122.25""}}"
"1637931787720","{""temperature"":{""N"":""114.5""}}"
"1637929590437","{""temperature"":{""N"":""107""}}"
"1637929794599","{""temperature"":{""N"":""108""}}"
"1637929314178","{""temperature"":{""N"":""113.25""}}"
"1637931651604","{""temperature"":{""N"":""122.25""}}"
"1637929082004","{""temperature"":{""N"":""97.5""}}"
"1637929578419","{""temperature"":{""N"":""107.5""}}"
"1637932460336","{""temperature"":{""N"":""97.5""}}"
"1637930195012","{""temperature"":{""N"":""114.25""}}"
"1637930118878","{""temperature"":{""N"":""112.25""}}"
"1637929502358","{""temperature"":{""N"":""106.75""}}"
"1637931823760","{""temperature"":{""N"":""110.75""}}"
"1637930922936","{""temperature"":{""N"":""128.25""}}"
"1637931111117","{""temperature"":{""N"":""126""}}"
"1637929898698","{""temperature"":{""N"":""110.5""}}"
"1637931371359","{""temperature"":{""N"":""129.5""}}"
"1637929398257","{""temperature"":{""N"":""111.5""}}"
"1637929490338","{""temperature"":{""N"":""104.75""}}"
"1637930178940","{""temperature"":{""N"":""116""}}"
"1637930662709","{""temperature"":{""N"":""123.75""}}"
"1637931423398","{""temperature"":{""N"":""127.5""}}"
"1637931055064","{""temperature"":{""N"":""123.75""}}"
"1637931211199","{""temperature"":{""N"":""131.25""}}"
"1637928893838","{""temperature"":{""N"":""54.5""}}"
"1637930138896","{""temperature"":{""N"":""111.75""}}"
"1637932188068","{""temperature"":{""N"":""105.5""}}"
"1637931943878","{""temperature"":{""N"":""105.5""}}"
"1637932340209","{""temperature"":{""N"":""105""}}"
"1637929246124","{""temperature"":{""N"":""106.25""}}"
"1637930198958","{""temperature"":{""N"":""112.5""}}"
"1637931075105","{""temperature"":{""N"":""126.75""}}"
"1637932504376","{""temperature"":{""N"":""109.75""}}"
"1637931887816","{""temperature"":{""N"":""103.25""}}"
"1637930934962","{""temperature"":{""N"":""126""}}"
"1637929938798","{""temperature"":{""N"":""109.5""}}"
"1637931435394","{""temperature"":{""N"":""124.5""}}"
"1637932284176","{""temperature"":{""N"":""107.25""}}"
"1637930858898","{""temperature"":{""N"":""124.5""}}"
"1637932220096","{""temperature"":{""N"":""102.25""}}"
"1637929942755","{""temperature"":{""N"":""110""}}"
"1637928949901","{""temperature"":{""N"":""74.75""}}"
"1637931679639","{""temperature"":{""N"":""108.75""}}"
"1637928929860","{""temperature"":{""N"":""68.75""}}"
"1637930910937","{""temperature"":{""N"":""127.75""}}"
"1637929950739","{""temperature"":{""N"":""110""}}"
"1637928833779","{""temperature"":{""N"":""22.5""}}"
"1637931091103","{""temperature"":{""N"":""130""}}"
"1637931391374","{""temperature"":{""N"":""128""}}"
"1637932035939","{""temperature"":{""N"":""105.5""}}"
"1637931351340","{""temperature"":{""N"":""126.5""}}"
"1637929834637","{""temperature"":{""N"":""107.75""}}"
"1637932144026","{""temperature"":{""N"":""105.75""}}"
"1637932356228","{""temperature"":{""N"":""107.75""}}"
"1637929106017","{""temperature"":{""N"":""100.75""}}"
"1637928841789","{""temperature"":{""N"":""23.25""}}"
"1637929886668","{""temperature"":{""N"":""109.5""}}"
"1637932216091","{""temperature"":{""N"":""102""}}"
"1637929250139","{""temperature"":{""N"":""106""}}"
"1637932160099","{""temperature"":{""N"":""103.5""}}"
"1637929686533","{""temperature"":{""N"":""107.5""}}"
"1637929170059","{""temperature"":{""N"":""107.75""}}"
"1637930174978","{""temperature"":{""N"":""115.75""}}"
"1637931379356","{""temperature"":{""N"":""128.25""}}"
"1637931123118","{""temperature"":{""N"":""126""}}"
"1637929906691","{""temperature"":{""N"":""112.5""}}"
"1637930950974","{""temperature"":{""N"":""126.75""}}"
"1637929318197","{""temperature"":{""N"":""113.5""}}"
"1637929230120","{""temperature"":{""N"":""107""}}"
"1637931755682","{""temperature"":{""N"":""103.25""}}"
"1637931843779","{""temperature"":{""N"":""105.5""}}"
"1637931151139","{""temperature"":{""N"":""127.75""}}"
"1637930253097","{""temperature"":{""N"":""103""}}"
"1637929134040","{""temperature"":{""N"":""103""}}"
"1637931087080","{""temperature"":{""N"":""129""}}"
"1637932432316","{""temperature"":{""N"":""100.25""}}"
"1637929582419","{""temperature"":{""N"":""107""}}"
"1637929798618","{""temperature"":{""N"":""108""}}"
"1637929013941","{""temperature"":{""N"":""91.25""}}"
"1637929033958","{""temperature"":{""N"":""94.25""}}"
"1637932248129","{""temperature"":{""N"":""103.25""}}"
"1637932364229","{""temperature"":{""N"":""108.5""}}"
"1637930702768","{""temperature"":{""N"":""124.75""}}"
"1637931895838","{""temperature"":{""N"":""103""}}"
"1637930226982","{""temperature"":{""N"":""103""}}"
"1637929350217","{""temperature"":{""N"":""114.5""}}"
"1637930094865","{""temperature"":{""N"":""114.5""}}"
"1637931927857","{""temperature"":{""N"":""100.5""}}"
"1637930762819","{""temperature"":{""N"":""123""}}"
"1637931839779","{""temperature"":{""N"":""104.75""}}"
"1637931815792","{""temperature"":{""N"":""114.5""}}"
"1637932500374","{""temperature"":{""N"":""107.75""}}"
"1637929650480","{""temperature"":{""N"":""109.75""}}"
"1637932508369","{""temperature"":{""N"":""109.75""}}"
"1637932512369","{""temperature"":{""N"":""107""}}"
"1637928997918","{""temperature"":{""N"":""87""}}"
"1637931171178","{""temperature"":{""N"":""127""}}"
"1637929334216","{""temperature"":{""N"":""115.5""}}"
"1637931743679","{""temperature"":{""N"":""99.5""}}"
"1637931119144","{""temperature"":{""N"":""126.5""}}"
"1637929053978","{""temperature"":{""N"":""93.5""}}"
"1637930882974","{""temperature"":{""N"":""122""}}"
"1637929282159","{""temperature"":{""N"":""109.75""}}"
"1637932520389","{""temperature"":{""N"":""104.75""}}"
"1637929017938","{""temperature"":{""N"":""91""}}"
"1637932372257","{""temperature"":{""N"":""108""}}"
"1637931731679","{""temperature"":{""N"":""97.25""}}"
"1637930634719","{""temperature"":{""N"":""118.25""}}"
"1637929734556","{""temperature"":{""N"":""107.5""}}"
"1637929222121","{""temperature"":{""N"":""108.5""}}"
"1637930774839","{""temperature"":{""N"":""122.75""}}"
"1637931911824","{""temperature"":{""N"":""101""}}"
"1637929742578","{""temperature"":{""N"":""109.5""}}"
"1637932468330","{""temperature"":{""N"":""101.5""}}"
"1637929029960","{""temperature"":{""N"":""93.75""}}"
"1637928873819","{""temperature"":{""N"":""43.75""}}"
"1637930158926","{""temperature"":{""N"":""115""}}"
"1637931671799","{""temperature"":{""N"":""113""}}"
"1637931739678","{""temperature"":{""N"":""96.75""}}"
"1637929414276","{""temperature"":{""N"":""110""}}"
"1637932099994","{""temperature"":{""N"":""103.5""}}"
"1637931243218","{""temperature"":{""N"":""130""}}"
"1637930878898","{""temperature"":{""N"":""121.25""}}"
"1637930162938","{""temperature"":{""N"":""114.25""}}"
"1637932232137","{""temperature"":{""N"":""103.5""}}"
"1637930142898","{""temperature"":{""N"":""112""}}"
"1637929254147","{""temperature"":{""N"":""106.25""}}"
"1637930870920","{""temperature"":{""N"":""122.75""}}"
"1637930150934","{""temperature"":{""N"":""114""}}"
"1637931039038","{""temperature"":{""N"":""124.75""}}"
"1637928877819","{""temperature"":{""N"":""46.25""}}"
"1637929286189","{""temperature"":{""N"":""110.75""}}"
"1637929450320","{""temperature"":{""N"":""108""}}"
"1637931299300","{""temperature"":{""N"":""126""}}"
"1637929814621","{""temperature"":{""N"":""108""}}"
"1637931315302","{""temperature"":{""N"":""127""}}"
"1637931347337","{""temperature"":{""N"":""126.25""}}"
"1637931079078","{""temperature"":{""N"":""127.5""}}"
"1637929598423","{""temperature"":{""N"":""105.75""}}"
"1637930006777","{""temperature"":{""N"":""110.5""}}"
"1637931691638","{""temperature"":{""N"":""103""}}"
"1637931179178","{""temperature"":{""N"":""126""}}"
"1637932308177","{""temperature"":{""N"":""105.5""}}"
"1637929534380","{""temperature"":{""N"":""108.75""}}"
"1637931735679","{""temperature"":{""N"":""97""}}"
"1637929542419","{""temperature"":{""N"":""108.5""}}"
"1637928881817","{""temperature"":{""N"":""48.75""}}"
"1637930942980","{""temperature"":{""N"":""124.5""}}"
"1637932184066","{""temperature"":{""N"":""104.25""}}"
"1637930242983","{""temperature"":{""N"":""103""}}"
"1637930018935","{""temperature"":{""N"":""110.75""}}"
"1637929186078","{""temperature"":{""N"":""112.25""}}"
"1637930790819","{""temperature"":{""N"":""121.25""}}"
"1637928889838","{""temperature"":{""N"":""51.75""}}"
"1637929386261","{""temperature"":{""N"":""108.75""}}"
"1637930650751","{""temperature"":{""N"":""123.75""}}"
"1637932200157","{""temperature"":{""N"":""105.25""}}"
"1637928993918","{""temperature"":{""N"":""85.75""}}"
"1637929442300","{""temperature"":{""N"":""107.75""}}"
"1637930638699","{""temperature"":{""N"":""118.5""}}"
"1637929085997","{""temperature"":{""N"":""98.25""}}"
"1637931879812","{""temperature"":{""N"":""103.25""}}"
"1637932079996","{""temperature"":{""N"":""105.75""}}"
"1637929025941","{""temperature"":{""N"":""93""}}"
"1637932488349","{""temperature"":{""N"":""104""}}"
"1637931695641","{""temperature"":{""N"":""101""}}"
"1637931019039","{""temperature"":{""N"":""126.25""}}"
"1637930666737","{""temperature"":{""N"":""124""}}"
"1637930122903","{""temperature"":{""N"":""110.75""}}"
"1637931463441","{""temperature"":{""N"":""128.25""}}"
"1637931363339","{""temperature"":{""N"":""127.75""}}"
"1637929822619","{""temperature"":{""N"":""109""}}"
"1637932003903","{""temperature"":{""N"":""103.75""}}"
"1637932132047","{""temperature"":{""N"":""106.75""}}"
"1637929526380","{""temperature"":{""N"":""108.25""}}"
"1637931759718","{""temperature"":{""N"":""106""}}"
"1637932524378","{""temperature"":{""N"":""106""}}"
"1637929482336","{""temperature"":{""N"":""105.25""}}"
"1637929041960","{""temperature"":{""N"":""93.75""}}"
"1637931563517","{""temperature"":{""N"":""125""}}"
"1637929918719","{""temperature"":{""N"":""113.25""}}"
"1637928953898","{""temperature"":{""N"":""75.75""}}"
"1637929802620","{""temperature"":{""N"":""108.75""}}"
"1637932292282","{""temperature"":{""N"":""104""}}"
"1637931711662","{""temperature"":{""N"":""96.5""}}"
"1637929690520","{""temperature"":{""N"":""106.75""}}"
"1637928977907","{""temperature"":{""N"":""81.75""}}"
"1637928961905","{""temperature"":{""N"":""78""}}"
"1637930902917","{""temperature"":{""N"":""126""}}"
"1637930854868","{""temperature"":{""N"":""125.75""}}"
"1637930722758","{""temperature"":{""N"":""123.25""}}"
"1637931631611","{""temperature"":{""N"":""127.5""}}"
"1637930654757","{""temperature"":{""N"":""125""}}"
"1637931399378","{""temperature"":{""N"":""126.75""}}"
"1637929594438","{""temperature"":{""N"":""106.25""}}"
"1637931035064","{""temperature"":{""N"":""126""}}"
"1637931259246","{""temperature"":{""N"":""129.5""}}"
"1637929858674","{""temperature"":{""N"":""105.5""}}"
"1637928945879","{""temperature"":{""N"":""73.5""}}"
"1637931203218","{""temperature"":{""N"":""128.75""}}"
"1637929986751","{""temperature"":{""N"":""110.75""}}"
"1637929610438","{""temperature"":{""N"":""105.25""}}"
"1637931831787","{""temperature"":{""N"":""108.25""}}"
"1637930766826","{""temperature"":{""N"":""123.75""}}"
"1637929518377","{""temperature"":{""N"":""108.25""}}"
"1637931663633","{""temperature"":{""N"":""115.5""}}"
"1637930999019","{""temperature"":{""N"":""125.25""}}"
"1637932075997","{""temperature"":{""N"":""107.5""}}"
"1637930778819","{""temperature"":{""N"":""123.5""}}"
"1637930714778","{""temperature"":{""N"":""125.75""}}"
"1637929498373","{""temperature"":{""N"":""107""}}"
"1637930247036","{""temperature"":{""N"":""102.75""}}"
"1637929021957","{""temperature"":{""N"":""92.25""}}"
"1637931139151","{""temperature"":{""N"":""129.25""}}"
"1637931923838","{""temperature"":{""N"":""99""}}"
"1637930926937","{""temperature"":{""N"":""127""}}"
"1637930630677","{""temperature"":{""N"":""117""}}"
"1637930130889","{""temperature"":{""N"":""111.75""}}"
"1637929009936","{""temperature"":{""N"":""90.5""}}"
"1637932380248","{""temperature"":{""N"":""104""}}"
"1637931803761","{""temperature"":{""N"":""117.75""}}"
"1637930995017","{""temperature"":{""N"":""124.75""}}"
"1637931771747","{""temperature"":{""N"":""110.75""}}"
"1637931343337","{""temperature"":{""N"":""127.25""}}"
"1637932224743","{""temperature"":{""N"":""103.5""}}"
"1637928885824","{""temperature"":{""N"":""50.25""}}"
"1637931871798","{""temperature"":{""N"":""101""}}"
"1637929862659","{""temperature"":{""N"":""106.25""}}"
"1637928925859","{""temperature"":{""N"":""68""}}"
"1637931395359","{""temperature"":{""N"":""129""}}"
"1637929558418","{""temperature"":{""N"":""109.5""}}"
"1637931471458","{""temperature"":{""N"":""129.75""}}"
"1637929570434","{""temperature"":{""N"":""106.75""}}"
"1637930166939","{""temperature"":{""N"":""115.5""}}"
"1637929238138","{""temperature"":{""N"":""106.25""}}"
"1637929738557","{""temperature"":{""N"":""109""}}"
"1637930090859","{""temperature"":{""N"":""113.5""}}"
"1637929826637","{""temperature"":{""N"":""108.75""}}"
"1637931903839","{""temperature"":{""N"":""102""}}"
"1637929298180","{""temperature"":{""N"":""111.25""}}"
"1637930038797","{""temperature"":{""N"":""110.75""}}"
"1637929642478","{""temperature"":{""N"":""108.5""}}"
"1637930754800","{""temperature"":{""N"":""123""}}"
"1637929622460","{""temperature"":{""N"":""104.25""}}"
"1637931023036","{""temperature"":{""N"":""126.25""}}"
"1637930082861","{""temperature"":{""N"":""112.25""}}"
"1637929634460","{""temperature"":{""N"":""105.5""}}"
"1637932360229","{""temperature"":{""N"":""108.5""}}"
"1637931587558","{""temperature"":{""N"":""129.75""}}"
"1637932528388","{""temperature"":{""N"":""104.75""}}"
"1637931951878","{""temperature"":{""N"":""107""}}"
"1637931223217","{""temperature"":{""N"":""131.25""}}"
"1637931007017","{""temperature"":{""N"":""124""}}"
"1637929494359","{""temperature"":{""N"":""105.5""}}"
"1637929142061","{""temperature"":{""N"":""103.5""}}"
"1637929214108","{""temperature"":{""N"":""110.25""}}"
"1637931239211","{""temperature"":{""N"":""130.25""}}"
"1637930770805","{""temperature"":{""N"":""123""}}"
"1637932476329","{""temperature"":{""N"":""101.5""}}"
"1637931527501","{""temperature"":{""N"":""125.25""}}"
"1637931359337","{""temperature"":{""N"":""127.75""}}"
"1637930834958","{""temperature"":{""N"":""124.5""}}"
"1637930010858","{""temperature"":{""N"":""110""}}"
"1637932019913","{""temperature"":{""N"":""103""}}"
"1637929366238","{""temperature"":{""N"":""109""}}"
"1637931647599","{""temperature"":{""N"":""125.5""}}"
"1637929310180","{""temperature"":{""N"":""111.75""}}"
"1637930114880","{""temperature"":{""N"":""113""}}"
"1637929710536","{""temperature"":{""N"":""106.5""}}"
"1637931251255","{""temperature"":{""N"":""129""}}"
"1637931295299","{""temperature"":{""N"":""126.25""}}"
"1637930758821","{""temperature"":{""N"":""124.5""}}"
"1637931971878","{""temperature"":{""N"":""107.5""}}"
"1637931283279","{""temperature"":{""N"":""127.25""}}"
"1637930782820","{""temperature"":{""N"":""123""}}"
"1637929954739","{""temperature"":{""N"":""109.75""}}"
"1637930050821","{""temperature"":{""N"":""110""}}"
"1637932440327","{""temperature"":{""N"":""98.25""}}"
"1637929754554","{""temperature"":{""N"":""110""}}"
"1637930042817","{""temperature"":{""N"":""109.75""}}"
"1637931579544","{""temperature"":{""N"":""129""}}"
"1637929402258","{""temperature"":{""N"":""111""}}"
"1637929394287","{""temperature"":{""N"":""110.25""}}"
"1637929902697","{""temperature"":{""N"":""112""}}"
"1637932404267","{""temperature"":{""N"":""108.25""}}"
"1637931339357","{""temperature"":{""N"":""128.25""}}"
"1637932236107","{""temperature"":{""N"":""104.75""}}"
"1637932444324","{""temperature"":{""N"":""99""}}"
"1637930862899","{""temperature"":{""N"":""124""}}"
"1637932388248","{""temperature"":{""N"":""106""}}"
"1637930898942","{""temperature"":{""N"":""125""}}"
"1637928981920","{""temperature"":{""N"":""82""}}"
"1637929682518","{""temperature"":{""N"":""107""}}"
"1637932352216","{""temperature"":{""N"":""106.5""}}"
"1637929790597","{""temperature"":{""N"":""108""}}"
"1637929001916","{""temperature"":{""N"":""88""}}"
"1637931523482","{""temperature"":{""N"":""124.25""}}"
"1637932015916","{""temperature"":{""N"":""103.5""}}"
"1637931507477","{""temperature"":{""N"":""124.25""}}"
"1637930002779","{""temperature"":{""N"":""109.5""}}"
"1637929158058","{""temperature"":{""N"":""106""}}"
"1637931187179","{""temperature"":{""N"":""126.75""}}"
"1637929330218","{""temperature"":{""N"":""115""}}"
"1637931891839","{""temperature"":{""N"":""102.5""}}"
"1637931863800","{""temperature"":{""N"":""101.5""}}"
"1637929510379","{""temperature"":{""N"":""107.5""}}"
"1637930814856","{""temperature"":{""N"":""124""}}"
"1637929182077","{""temperature"":{""N"":""110.75""}}"
"1637928849815","{""temperature"":{""N"":""24.75""}}"
"1637929838638","{""temperature"":{""N"":""107.75""}}"
"1637929698535","{""temperature"":{""N"":""107.5""}}"
"1637931143129","{""temperature"":{""N"":""128.25""}}"
"1637929910698","{""temperature"":{""N"":""112.75""}}"
"1637931163187","{""temperature"":{""N"":""125.25""}}"
"1637929294178","{""temperature"":{""N"":""111.75""}}"
"1637931443419","{""temperature"":{""N"":""125.25""}}"
"1637931135134","{""temperature"":{""N"":""129""}}"
"1637929846668","{""temperature"":{""N"":""108.5""}}"
"1637932071996","{""temperature"":{""N"":""107.25""}}"
"1637929037958","{""temperature"":{""N"":""94.5""}}"
"1637930134928","{""temperature"":{""N"":""110.75""}}"
"1637931551517","{""temperature"":{""N"":""122.5""}}"
"1637929522382","{""temperature"":{""N"":""108""}}"
"1637930014817","{""temperature"":{""N"":""110.5""}}"
"1637929226151","{""temperature"":{""N"":""107.25""}}"
"1637932428288","{""temperature"":{""N"":""102.75""}}"
"1637929702538","{""temperature"":{""N"":""106.75""}}"
"1637930086856","{""temperature"":{""N"":""113""}}"
"1637932276158","{""temperature"":{""N"":""107.75""}}"
"1637930186922","{""temperature"":{""N"":""114.75""}}"
"1637930971002","{""temperature"":{""N"":""128""}}"
"1637931467438","{""temperature"":{""N"":""128.5""}}"
"1637929606458","{""temperature"":{""N"":""105.25""}}"
"1637932136022","{""temperature"":{""N"":""106.75""}}"
"1637932097299","{""temperature"":{""N"":""102.75""}}"
"1637932051956","{""temperature"":{""N"":""108.25""}}"
"1637929162060","{""temperature"":{""N"":""107.25""}}"
"1637929566419","{""temperature"":{""N"":""108""}}"
"1637930022818","{""temperature"":{""N"":""110.75""}}"
"1637928921859","{""temperature"":{""N"":""65.75""}}"
"1637928857819","{""temperature"":{""N"":""30.25""}}"
"1637932067977","{""temperature"":{""N"":""107.25""}}"
"1637931883817","{""temperature"":{""N"":""101.5""}}"
"1637929122016","{""temperature"":{""N"":""101.75""}}"
"1637930062817","{""temperature"":{""N"":""111.25""}}"
"1637929410277","{""temperature"":{""N"":""110.5""}}"
"1637930822858","{""temperature"":{""N"":""123.25""}}"
"1637931615579","{""temperature"":{""N"":""126.75""}}"
"1637929274157","{""temperature"":{""N"":""109.5""}}"
"1637931367340","{""temperature"":{""N"":""129.25""}}"
"1637931291277","{""temperature"":{""N"":""126.5""}}"
"1637932011917","{""temperature"":{""N"":""102""}}"
"1637931967879","{""temperature"":{""N"":""108.5""}}"
"1637929077978","{""temperature"":{""N"":""97""}}"
"1637929154058","{""temperature"":{""N"":""105""}}"
"1637931807783","{""temperature"":{""N"":""119""}}"
"1637929514352","{""temperature"":{""N"":""107.5""}}"
"1637932312191","{""temperature"":{""N"":""106.25""}}"
"1637930746778","{""temperature"":{""N"":""124.25""}}"
"1637930830946","{""temperature"":{""N"":""123.5""}}"
"1637928853800","{""temperature"":{""N"":""27.5""}}"
"1637932280176","{""temperature"":{""N"":""106""}}"
"1637929562418","{""temperature"":{""N"":""110""}}"
"1637930914954","{""temperature"":{""N"":""128.25""}}"
"1637932264144","{""temperature"":{""N"":""105.75""}}"
"1637930206959","{""temperature"":{""N"":""109.75""}}"
"1637931271258","{""temperature"":{""N"":""127.5""}}"
"1637929338254","{""temperature"":{""N"":""115""}}"
"1637930742778","{""temperature"":{""N"":""122.75""}}"
"1637932027945","{""temperature"":{""N"":""105""}}"
"1637931607561","{""temperature"":{""N"":""126.5""}}"
"1637932416289","{""temperature"":{""N"":""104.25""}}"
"1637930975018","{""temperature"":{""N"":""126""}}"
"1637929922718","{""temperature"":{""N"":""113.25""}}"
"1637929057979","{""temperature"":{""N"":""94.25""}}"
"1637931655617","{""temperature"":{""N"":""119.5""}}"
"1637931455418","{""temperature"":{""N"":""127.75""}}"
"1637932103992","{""temperature"":{""N"":""103.75""}}"
"1637931799758","{""temperature"":{""N"":""116.75""}}"
"1637930958978","{""temperature"":{""N"":""127.5""}}"
"1637929290177","{""temperature"":{""N"":""111""}}"
"1637931071098","{""temperature"":{""N"":""125""}}"
"1637929638477","{""temperature"":{""N"":""107.25""}}"
"1637932172079","{""temperature"":{""N"":""102""}}"
"1637930987017","{""temperature"":{""N"":""127.25""}}"
"1637932452328","{""temperature"":{""N"":""97""}}"
"1637931583559","{""temperature"":{""N"":""128""}}"
"1637931415380","{""temperature"":{""N"":""125.75""}}"
"1637930678809","{""temperature"":{""N"":""121.25""}}"
"1637930906939","{""temperature"":{""N"":""126.75""}}"
"1637931495460","{""temperature"":{""N"":""126.25""}}"
"1637931795736","{""temperature"":{""N"":""116.5""}}"
"1637929374263","{""temperature"":{""N"":""108.25""}}"
"1637931947858","{""temperature"":{""N"":""106.5""}}"
"1637929278161","{""temperature"":{""N"":""109.75""}}"
"1637932480328","{""temperature"":{""N"":""103.75""}}"
"1637929138062","{""temperature"":{""N"":""104""}}"
"1637930930987","{""temperature"":{""N"":""125.75""}}"
"1637930718778","{""temperature"":{""N"":""124.5""}}"
"1637932140027","{""temperature"":{""N"":""106""}}"
"1637930046818","{""temperature"":{""N"":""110.25""}}"
"1637930238999","{""temperature"":{""N"":""102""}}"
"1637931235219","{""temperature"":{""N"":""128.5""}}"
"1637929926738","{""temperature"":{""N"":""112""}}"
"1637930866899","{""temperature"":{""N"":""122""}}"
"1637930991087","{""temperature"":{""N"":""126.25""}}"
"1637930786814","{""temperature"":{""N"":""122.75""}}"
"1637929262141","{""temperature"":{""N"":""107""}}"
"1637931611578","{""temperature"":{""N"":""127.5""}}"
"1637929326196","{""temperature"":{""N"":""114.5""}}"
"1637932272148","{""temperature"":{""N"":""106.5""}}"
"1637930066837","{""temperature"":{""N"":""110.75""}}"
"1637929806618","{""temperature"":{""N"":""109""}}"
"1637929646497","{""temperature"":{""N"":""109.25""}}"
"1637931775720","{""temperature"":{""N"":""111.75""}}"
"1637931255238","{""temperature"":{""N"":""129.5""}}"
"1637930126903","{""temperature"":{""N"":""110.75""}}"
"1637929874734","{""temperature"":{""N"":""106.5""}}"
"1637931147141","{""temperature"":{""N"":""128.25""}}"
"1637931988095","{""temperature"":{""N"":""105.75""}}"
"1637930682719","{""temperature"":{""N"":""120.5""}}"
"1637930074863","{""temperature"":{""N"":""111""}}"
"1637931027044","{""temperature"":{""N"":""126""}}"
"1637929982778","{""temperature"":{""N"":""110.75""}}"
"1637929194080","{""temperature"":{""N"":""113""}}"
"1637929069978","{""temperature"":{""N"":""96.75""}}"
"1637932192070","{""temperature"":{""N"":""104.25""}}"
"1637929626505","{""temperature"":{""N"":""103.75""}}"
"1637930802858","{""temperature"":{""N"":""120""}}"
"1637931483457","{""temperature"":{""N"":""130.75""}}"
"1637932328213","{""temperature"":{""N"":""105""}}"
"1637929866663","{""temperature"":{""N"":""106""}}"
"1637929530386","{""temperature"":{""N"":""108.5""}}"
"1637929746556","{""temperature"":{""N"":""110.5""}}"
"1637931719658","{""temperature"":{""N"":""97.5""}}"
"1637932484349","{""temperature"":{""N"":""102""}}"
"1637931875817","{""temperature"":{""N"":""102""}}"
"1637931723677","{""temperature"":{""N"":""98.25""}}"
"1637929506384","{""temperature"":{""N"":""106""}}"
"1637930078859","{""temperature"":{""N"":""111.75""}}"
"1637929406277","{""temperature"":{""N"":""110.5""}}"
"1637930070835","{""temperature"":{""N"":""110.75""}}"
"1637930646696","{""temperature"":{""N"":""121.75""}}"
"1637932400276","{""temperature"":{""N"":""108""}}"
"1637930026828","{""temperature"":{""N"":""110.25""}}"
"1637931851800","{""temperature"":{""N"":""104.25""}}"
"1637929930736","{""temperature"":{""N"":""110.5""}}"
"1637931703639","{""temperature"":{""N"":""101.75""}}"
"1637931303281","{""temperature"":{""N"":""127""}}"
"1637929486339","{""temperature"":{""N"":""104.25""}}"
"1637932084000","{""temperature"":{""N"":""105.25""}}"
"1637932420288","{""temperature"":{""N"":""103.75""}}"
"1637930886919","{""temperature"":{""N"":""121.5""}}"
"1637929430302","{""temperature"":{""N"":""107.5""}}"
"1637932436309","{""temperature"":{""N"":""98.5""}}"
"1637931531528","{""temperature"":{""N"":""124""}}"
"1637929346217","{""temperature"":{""N"":""115.25""}}"
"1637929870659","{""temperature"":{""N"":""105""}}"
"1637931643599","{""temperature"":{""N"":""131""}}"
"1637931599558","{""temperature"":{""N"":""128.5""}}"
"1637929270158","{""temperature"":{""N"":""108.75""}}"
"1637931515479","{""temperature"":{""N"":""123.75""}}"
"1637931195200","{""temperature"":{""N"":""129""}}"
"1637929306187","{""temperature"":{""N"":""111.5""}}"
"1637930190934","{""temperature"":{""N"":""114""}}"
"1637931571751","{""temperature"":{""N"":""126""}}"
"1637930738778","{""temperature"":{""N"":""122.25""}}"
"1637931619609","{""temperature"":{""N"":""127.75""}}"
"1637931855801","{""temperature"":{""N"":""102.75""}}"
"1637932348214","{""temperature"":{""N"":""106.25""}}"
"1637932120118","{""temperature"":{""N"":""104.5""}}"
"1637931567520","{""temperature"":{""N"":""125.25""}}"
"1637931591556","{""temperature"":{""N"":""130.25""}}"
"1637931639597","{""temperature"":{""N"":""130.25""}}"
"1637929722539","{""temperature"":{""N"":""108.25""}}"
"1637932007910","{""temperature"":{""N"":""103.75""}}"
"1637931899817","{""temperature"":{""N"":""101.25""}}"
"1637932304191","{""temperature"":{""N"":""105.5""}}"
"1637929098001","{""temperature"":{""N"":""100""}}"
"1637930214976","{""temperature"":{""N"":""105.5""}}"
"1637931983999","{""temperature"":{""N"":""106""}}"
"1637931791713","{""temperature"":{""N"":""116.75""}}"
"1637932464328","{""temperature"":{""N"":""99.75""}}"
"1637929474338","{""temperature"":{""N"":""107""}}"
"1637929934742","{""temperature"":{""N"":""110""}}"
"1637931859780","{""temperature"":{""N"":""103.5""}}"
"1637928969897","{""temperature"":{""N"":""81.25""}}"
"1637929462333","{""temperature"":{""N"":""107.5""}}"
"1637932412290","{""temperature"":{""N"":""105""}}"
"1637931475461","{""temperature"":{""N"":""130.25""}}"
"1637930106883","{""temperature"":{""N"":""111.75""}}"
"1637930938958","{""temperature"":{""N"":""126""}}"
"1637929426337","{""temperature"":{""N"":""109.25""}}"
"1637931931868","{""temperature"":{""N"":""102""}}"
"1637931247238","{""temperature"":{""N"":""130""}}"
"1637930962977","{""temperature"":{""N"":""127.25""}}"
"1637930706762","{""temperature"":{""N"":""124""}}"
"1637930978997","{""temperature"":{""N"":""127.5""}}"
"1637931543517","{""temperature"":{""N"":""123""}}"
"1637929302159","{""temperature"":{""N"":""111""}}"
"1637929178064","{""temperature"":{""N"":""110.5""}}"
"1637930946978","{""temperature"":{""N"":""125.25""}}"
"1637929458320","{""temperature"":{""N"":""107.5""}}"
"1637931411377","{""temperature"":{""N"":""127.75""}}"
"1637931375370","{""temperature"":{""N"":""128""}}"
"1637930154925","{""temperature"":{""N"":""114.75""}}"
"1637932112028","{""temperature"":{""N"":""104.5""}}"
"1637930846903","{""temperature"":{""N"":""127""}}"
"1637930210976","{""temperature"":{""N"":""107.5""}}"
"1637932156037","{""temperature"":{""N"":""104.5""}}"
"1637931183177","{""temperature"":{""N"":""126.25""}}"
"1637930658719","{""temperature"":{""N"":""125.25""}}"
"1637929422289","{""temperature"":{""N"":""110""}}"
"1637930110882","{""temperature"":{""N"":""111.75""}}"
"1637931835782","{""temperature"":{""N"":""105.75""}}"
"1637928941878","{""temperature"":{""N"":""72.5""}}"
"1637929654477","{""temperature"":{""N"":""109""}}"
"1637931419384","{""temperature"":{""N"":""127.25""}}"
"1637929614466","{""temperature"":{""N"":""105.75""}}"
"1637929630470","{""temperature"":{""N"":""105.5""}}"
"1637931635579","{""temperature"":{""N"":""129.5""}}"
"1637932176050","{""temperature"":{""N"":""104.25""}}"
"1637929778578","{""temperature"":{""N"":""107.25""}}"
"1637928861800","{""temperature"":{""N"":""34""}}"
"1637931427418","{""temperature"":{""N"":""127""}}"
"1637929094017","{""temperature"":{""N"":""100""}}"
"1637929706539","{""temperature"":{""N"":""107""}}"
"1637931059083","{""temperature"":{""N"":""124.25""}}"
"1637932516368","{""temperature"":{""N"":""105.25""}}"
"1637931699679","{""temperature"":{""N"":""101""}}"
"1637932055958","{""temperature"":{""N"":""106.5""}}"
"1637930838880","{""temperature"":{""N"":""126.5""}}"
"1637928913901","{""temperature"":{""N"":""63.75""}}"
"1637932240137","{""temperature"":{""N"":""102.5""}}"
"1637931267238","{""temperature"":{""N"":""127.25""}}"
"1637930146900","{""temperature"":{""N"":""112.25""}}"
"1637931067077","{""temperature"":{""N"":""127""}}"
"1637931715678","{""temperature"":{""N"":""97.5""}}"
"1637929554400","{""temperature"":{""N"":""109""}}"
"1637930842964","{""temperature"":{""N"":""128""}}"
"1637929550398","{""temperature"":{""N"":""109""}}"
"1637931555519","{""temperature"":{""N"":""123.25""}}"
"1637931519538","{""temperature"":{""N"":""124""}}"
"1637932244130","{""temperature"":{""N"":""102""}}"
"1637932396268","{""temperature"":{""N"":""106""}}"
"1637931907838","{""temperature"":{""N"":""101.75""}}"
"1637929126067","{""temperature"":{""N"":""101""}}"
"1637932204081","{""temperature"":{""N"":""104.25""}}"
"1637932288169","{""temperature"":{""N"":""106""}}"
"1637931827821","{""temperature"":{""N"":""110.75""}}"
"1637929198099","{""temperature"":{""N"":""114.25""}}"
"1637931331318","{""temperature"":{""N"":""127""}}"
"1637932384251","{""temperature"":{""N"":""104.25""}}"
"1637931867811","{""temperature"":{""N"":""101.25""}}"
"1637931431396","{""temperature"":{""N"":""126""}}"
"1637932228102","{""temperature"":{""N"":""104.75""}}"
"1637931275260","{""temperature"":{""N"":""126.75""}}"
"1637929378259","{""temperature"":{""N"":""110""}}"
"1637930054837","{""temperature"":{""N"":""110.5""}}"
"1637928837797","{""temperature"":{""N"":""22.75""}}"
"1637929830640","{""temperature"":{""N"":""107.5""}}"
"1637929842661","{""temperature"":{""N"":""108""}}"
"1637931751699","{""temperature"":{""N"":""101""}}"
"1637931047059","{""temperature"":{""N"":""127""}}"
"1637931207199","{""temperature"":{""N"":""130.25""}}"
"1637928937862","{""temperature"":{""N"":""71.25""}}"
"1637932059980","{""temperature"":{""N"":""106.25""}}"
"1637932332208","{""temperature"":{""N"":""106.75""}}"
"1637932408289","{""temperature"":{""N"":""106.25""}}"
"1637929970756","{""temperature"":{""N"":""109""}}"
"1637931103244","{""temperature"":{""N"":""129""}}"
"1637931627598","{""temperature"":{""N"":""127""}}"
"1637929586419","{""temperature"":{""N"":""107.25""}}"
"1637932212088","{""temperature"":{""N"":""101""}}"
"1637931747694","{""temperature"":{""N"":""99""}}"
"1637931167182","{""temperature"":{""N"":""126.25""}}"
"1637931707658","{""temperature"":{""N"":""97.25""}}"
"1637928957899","{""temperature"":{""N"":""76.75""}}"
"1637931311276","{""temperature"":{""N"":""127""}}"
"1637929166064","{""temperature"":{""N"":""106.25""}}"
"1637932336208","{""temperature"":{""N"":""104.75""}}"
"1637932148032","{""temperature"":{""N"":""105""}}"
"1637931767726","{""temperature"":{""N"":""109""}}"
"1637932324216","{""temperature"":{""N"":""105""}}"
"1637930218977","{""temperature"":{""N"":""103""}}"
"1637929786602","{""temperature"":{""N"":""108.75""}}"
"1637930806856","{""temperature"":{""N"":""121""}}"
"1637928933878","{""temperature"":{""N"":""69.75""}}"
"1637931447417","{""temperature"":{""N"":""125.5""}}"
"1637929190098","{""temperature"":{""N"":""112""}}"
"1637932168062","{""temperature"":{""N"":""101""}}"
"1637932392250","{""temperature"":{""N"":""107""}}"
"1637932091998","{""temperature"":{""N"":""105""}}"
"1637931003018","{""temperature"":{""N"":""124""}}"
"1637931095137","{""temperature"":{""N"":""130.75""}}"
"1637929974777","{""temperature"":{""N"":""109.5""}}"
"1637932196073","{""temperature"":{""N"":""103.75""}}"
"1637932047968","{""temperature"":{""N"":""106.5""}}"
"1637931043056","{""temperature"":{""N"":""125.75""}}"
"1637931687637","{""temperature"":{""N"":""105.25""}}"
"1637929045977","{""temperature"":{""N"":""94.5""}}"
"1637932031940","{""temperature"":{""N"":""105.75""}}"
"1637930894937","{""temperature"":{""N"":""123.75""}}"
"1637928845800","{""temperature"":{""N"":""22.75""}}"
"1637930034817","{""temperature"":{""N"":""112""}}"
"1637929110018","{""temperature"":{""N"":""99.75""}}"
"1637931279357","{""temperature"":{""N"":""126.5""}}"
"1637929370238","{""temperature"":{""N"":""108.75""}}"
"1637931779718","{""temperature"":{""N"":""114.5""}}"
"1637931191177","{""temperature"":{""N"":""128.25""}}"
"1637929890697","{""temperature"":{""N"":""110.75""}}"
"1637929818618","{""temperature"":{""N"":""109""}}"
"1637931659620","{""temperature"":{""N"":""117""}}"
"1637930726778","{""temperature"":{""N"":""123.75""}}"
"1637931175162","{""temperature"":{""N"":""127.5""}}"
"1637931327292","{""temperature"":{""N"":""127.5""}}"
"1637928985919","{""temperature"":{""N"":""82.75""}}"
"1637929662497","{""temperature"":{""N"":""108""}}"
"1637932368256","{""temperature"":{""N"":""107.75""}}"
"1637932376251","{""temperature"":{""N"":""107.75""}}"
"1637931819758","{""temperature"":{""N"":""113""}}"
"1637930734777","{""temperature"":{""N"":""123""}}"
"1637931547519","{""temperature"":{""N"":""122.5""}}"
"1637930202939","{""temperature"":{""N"":""112.25""}}"
"1637931287284","{""temperature"":{""N"":""125.25""}}"
"1637931915837","{""temperature"":{""N"":""101""}}"
"1637930918926","{""temperature"":{""N"":""128.5""}}"
"1637929322199","{""temperature"":{""N"":""113.75""}}"
"1637930030799","{""temperature"":{""N"":""111.75""}}"
"1637931323298","{""temperature"":{""N"":""128""}}"
"1637928965900","{""temperature"":{""N"":""79""}}"
"1637928869823","{""temperature"":{""N"":""41.25""}}"
"1637928897839","{""temperature"":{""N"":""56.5""}}"
"1637931995918","{""temperature"":{""N"":""105.25""}}"
"1637929146059","{""temperature"":{""N"":""104""}}"
"1637929670499","{""temperature"":{""N"":""106.25""}}"
"1637932260127","{""temperature"":{""N"":""104.5""}}"
"1637929546401","{""temperature"":{""N"":""108.75""}}"
"1637931991918","{""temperature"":{""N"":""104.75""}}"
"1637931535518","{""temperature"":{""N"":""124.25""}}"
"1637931227216","{""temperature"":{""N"":""128.75""}}"
"1637930690736","{""temperature"":{""N"":""122.5""}}"
"1637929102017","{""temperature"":{""N"":""100.25""}}"
"1637931623600","{""temperature"":{""N"":""128.5""}}"
"1637932492348","{""temperature"":{""N"":""108""}}"
"1637929130039","{""temperature"":{""N"":""102""}}"
"1637928825778","{""temperature"":{""N"":""22.5""}}"
"1637929065979","{""temperature"":{""N"":""96.5""}}"
"1637930710765","{""temperature"":{""N"":""125.5""}}"
"1637931539498","{""temperature"":{""N"":""124.5""}}"